﻿{"cameraMode":{"drawMode":0,"name":"Shaded","section":"Shading Mode"},"sceneLighting":true,"audioPlay":false,"sceneViewState":{"showFog":true,"showMaterialUpdate":false,"showSkybox":true,"showFlares":true,"showImageEffects":true,"showParticleSystems":true},"in2DMode":false,"pivot":{"x":466.8323974609375,"y":-252.88241577148438,"z":609.966552734375},"rotation":{"x":0.23913337290287019,"y":-0.6480034589767456,"z":0.2253965437412262,"w":0.6872158646583557},"size":924.7915649414063,"orthographic":false}